{"v":5,"entries":{"utils-router--docs":{"id":"utils-router--docs","title":"Utils/Router","name":"Docs","importPath":"./src/utils/Router/Router.mdx","storiesImports":["./src/utils/Router/Router.stories.tsx"],"type":"docs","tags":["dev","test","autodocs","attached-mdx"]},"icons--docs":{"id":"icons--docs","title":"Icons","name":"Docs","importPath":"./src/Icons.stories.tsx","type":"docs","tags":["dev","test","autodocs"],"storiesImports":[]},"icons--basic":{"type":"story","id":"icons--basic","name":"Basic","title":"Icons","importPath":"./src/Icons.stories.tsx","tags":["dev","test","autodocs"]},"datadisplay-avatar--docs":{"id":"datadisplay-avatar--docs","title":"DataDisplay/Avatar","name":"Docs","importPath":"./src/data-display/Avatar.stories.tsx","type":"docs","tags":["dev","test","autodocs"],"storiesImports":[]},"datadisplay-avatar--basic":{"type":"story","id":"datadisplay-avatar--basic","name":"Basic","title":"DataDisplay/Avatar","importPath":"./src/data-display/Avatar.stories.tsx","componentPath":"@mui/material","tags":["dev","test","autodocs"]},"datadisplay-avatar--fallback":{"type":"story","id":"datadisplay-avatar--fallback","name":"Fallback","title":"DataDisplay/Avatar","importPath":"./src/data-display/Avatar.stories.tsx","componentPath":"@mui/material","tags":["dev","test","autodocs"]},"datadisplay-avatar--colored-fallback":{"type":"story","id":"datadisplay-avatar--colored-fallback","name":"Colored Fallback","title":"DataDisplay/Avatar","importPath":"./src/data-display/Avatar.stories.tsx","componentPath":"@mui/material","tags":["dev","test","autodocs"]},"datadisplay-avatar--with-badge":{"type":"story","id":"datadisplay-avatar--with-badge","name":"With Badge","title":"DataDisplay/Avatar","importPath":"./src/data-display/Avatar.stories.tsx","componentPath":"@mui/material","tags":["dev","test","autodocs"]},"datadisplay-avatar--group":{"type":"story","id":"datadisplay-avatar--group","name":"Group","title":"DataDisplay/Avatar","importPath":"./src/data-display/Avatar.stories.tsx","componentPath":"@mui/material","tags":["dev","test","autodocs"]},"datadisplay-avatar--total":{"type":"story","id":"datadisplay-avatar--total","name":"Total","title":"DataDisplay/Avatar","importPath":"./src/data-display/Avatar.stories.tsx","componentPath":"@mui/material","tags":["dev","test","autodocs"]},"datadisplay-avatar--custom-surplus":{"type":"story","id":"datadisplay-avatar--custom-surplus","name":"Custom Surplus","title":"DataDisplay/Avatar","importPath":"./src/data-display/Avatar.stories.tsx","componentPath":"@mui/material","tags":["dev","test","autodocs"]},"datadisplay-chip--docs":{"id":"datadisplay-chip--docs","title":"DataDisplay/Chip","name":"Docs","importPath":"./src/data-display/Chip.stories.tsx","type":"docs","tags":["dev","test","autodocs"],"storiesImports":[]},"datadisplay-chip--basic":{"type":"story","id":"datadisplay-chip--basic","name":"Basic","title":"DataDisplay/Chip","importPath":"./src/data-display/Chip.stories.tsx","componentPath":"@mui/material","tags":["dev","test","autodocs"]},"datadisplay-chip--with-delete":{"type":"story","id":"datadisplay-chip--with-delete","name":"With Delete","title":"DataDisplay/Chip","importPath":"./src/data-display/Chip.stories.tsx","componentPath":"@mui/material","tags":["dev","test","autodocs"]},"datadisplay-link--docs":{"id":"datadisplay-link--docs","title":"DataDisplay/Link","name":"Docs","importPath":"./src/data-display/Link.stories.tsx","type":"docs","tags":["dev","test","autodocs"],"storiesImports":[]},"datadisplay-link--default":{"type":"story","id":"datadisplay-link--default","name":"Default","title":"DataDisplay/Link","importPath":"./src/data-display/Link.stories.tsx","componentPath":"@mui/material","tags":["dev","test","autodocs"]},"datadisplay-typography--docs":{"id":"datadisplay-typography--docs","title":"DataDisplay/Typography","name":"Docs","importPath":"./src/data-display/Typography.stories.tsx","type":"docs","tags":["dev","test","autodocs"],"storiesImports":[]},"datadisplay-typography--heading-1":{"type":"story","id":"datadisplay-typography--heading-1","name":"Heading 1","title":"DataDisplay/Typography","importPath":"./src/data-display/Typography.stories.tsx","componentPath":"@mui/material","tags":["dev","test","autodocs"]},"datadisplay-typography--heading-2":{"type":"story","id":"datadisplay-typography--heading-2","name":"Heading 2","title":"DataDisplay/Typography","importPath":"./src/data-display/Typography.stories.tsx","componentPath":"@mui/material","tags":["dev","test","autodocs"]},"datadisplay-typography--heading-3":{"type":"story","id":"datadisplay-typography--heading-3","name":"Heading 3","title":"DataDisplay/Typography","importPath":"./src/data-display/Typography.stories.tsx","componentPath":"@mui/material","tags":["dev","test","autodocs"]},"datadisplay-typography--heading-4":{"type":"story","id":"datadisplay-typography--heading-4","name":"Heading 4","title":"DataDisplay/Typography","importPath":"./src/data-display/Typography.stories.tsx","componentPath":"@mui/material","tags":["dev","test","autodocs"]},"datadisplay-typography--heading-5":{"type":"story","id":"datadisplay-typography--heading-5","name":"Heading 5","title":"DataDisplay/Typography","importPath":"./src/data-display/Typography.stories.tsx","componentPath":"@mui/material","tags":["dev","test","autodocs"]},"datadisplay-typography--heading-6":{"type":"story","id":"datadisplay-typography--heading-6","name":"Heading 6","title":"DataDisplay/Typography","importPath":"./src/data-display/Typography.stories.tsx","componentPath":"@mui/material","tags":["dev","test","autodocs"]},"datadisplay-typography--subtitle-1":{"type":"story","id":"datadisplay-typography--subtitle-1","name":"Subtitle 1","title":"DataDisplay/Typography","importPath":"./src/data-display/Typography.stories.tsx","componentPath":"@mui/material","tags":["dev","test","autodocs"]},"datadisplay-typography--subtitle-2":{"type":"story","id":"datadisplay-typography--subtitle-2","name":"Subtitle 2","title":"DataDisplay/Typography","importPath":"./src/data-display/Typography.stories.tsx","componentPath":"@mui/material","tags":["dev","test","autodocs"]},"datadisplay-typography--body-1":{"type":"story","id":"datadisplay-typography--body-1","name":"Body 1","title":"DataDisplay/Typography","importPath":"./src/data-display/Typography.stories.tsx","componentPath":"@mui/material","tags":["dev","test","autodocs"]},"datadisplay-typography--body-2":{"type":"story","id":"datadisplay-typography--body-2","name":"Body 2","title":"DataDisplay/Typography","importPath":"./src/data-display/Typography.stories.tsx","componentPath":"@mui/material","tags":["dev","test","autodocs"]},"datadisplay-typography--button":{"type":"story","id":"datadisplay-typography--button","name":"Button","title":"DataDisplay/Typography","importPath":"./src/data-display/Typography.stories.tsx","componentPath":"@mui/material","tags":["dev","test","autodocs"]},"datadisplay-typography--caption":{"type":"story","id":"datadisplay-typography--caption","name":"Caption","title":"DataDisplay/Typography","importPath":"./src/data-display/Typography.stories.tsx","componentPath":"@mui/material","tags":["dev","test","autodocs"]},"datadisplay-typography--overline":{"type":"story","id":"datadisplay-typography--overline","name":"Overline","title":"DataDisplay/Typography","importPath":"./src/data-display/Typography.stories.tsx","componentPath":"@mui/material","tags":["dev","test","autodocs"]},"datadisplay-typography--system-props":{"type":"story","id":"datadisplay-typography--system-props","name":"System Props","title":"DataDisplay/Typography","importPath":"./src/data-display/Typography.stories.tsx","componentPath":"@mui/material","tags":["dev","test","autodocs"]},"datadisplay-charts-barchartpro--docs":{"id":"datadisplay-charts-barchartpro--docs","title":"DataDisplay/Charts/BarChartPro","name":"Docs","importPath":"./src/data-display/charts/BarChart.stories.tsx","type":"docs","tags":["dev","test","autodocs"],"storiesImports":[]},"datadisplay-charts-barchartpro--basic":{"type":"story","id":"datadisplay-charts-barchartpro--basic","name":"Basic","title":"DataDisplay/Charts/BarChartPro","importPath":"./src/data-display/charts/BarChart.stories.tsx","componentPath":"@mui/x-charts-pro/BarChartPro","tags":["dev","test","autodocs"]},"datadisplay-charts-linechart--docs":{"id":"datadisplay-charts-linechart--docs","title":"DataDisplay/Charts/LineChart","name":"Docs","importPath":"./src/data-display/charts/LineChart.stories.tsx","type":"docs","tags":["dev","test","autodocs"],"storiesImports":[]},"datadisplay-charts-linechart--basic":{"type":"story","id":"datadisplay-charts-linechart--basic","name":"Basic","title":"DataDisplay/Charts/LineChart","importPath":"./src/data-display/charts/LineChart.stories.tsx","componentPath":"@mui/x-charts/LineChart","tags":["dev","test","autodocs"]},"datadisplay-charts-linechart--multiple-series":{"type":"story","id":"datadisplay-charts-linechart--multiple-series","name":"Multiple Series","title":"DataDisplay/Charts/LineChart","importPath":"./src/data-display/charts/LineChart.stories.tsx","componentPath":"@mui/x-charts/LineChart","tags":["dev","test","autodocs"]},"datadisplay-charts-linechart--with-axis-labels":{"type":"story","id":"datadisplay-charts-linechart--with-axis-labels","name":"With Axis Labels","title":"DataDisplay/Charts/LineChart","importPath":"./src/data-display/charts/LineChart.stories.tsx","componentPath":"@mui/x-charts/LineChart","tags":["dev","test","autodocs"]},"datadisplay-charts-linechart--area-chart":{"type":"story","id":"datadisplay-charts-linechart--area-chart","name":"Area Chart","title":"DataDisplay/Charts/LineChart","importPath":"./src/data-display/charts/LineChart.stories.tsx","componentPath":"@mui/x-charts/LineChart","tags":["dev","test","autodocs"]},"datadisplay-charts-linechart--custom-colors-and-curve":{"type":"story","id":"datadisplay-charts-linechart--custom-colors-and-curve","name":"Custom Colors And Curve","title":"DataDisplay/Charts/LineChart","importPath":"./src/data-display/charts/LineChart.stories.tsx","componentPath":"@mui/x-charts/LineChart","tags":["dev","test","autodocs"]},"datadisplay-charts-piechart--docs":{"id":"datadisplay-charts-piechart--docs","title":"DataDisplay/Charts/PieChart","name":"Docs","importPath":"./src/data-display/charts/PyeChart.stories.tsx","type":"docs","tags":["dev","test","autodocs"],"storiesImports":[]},"datadisplay-charts-piechart--basic":{"type":"story","id":"datadisplay-charts-piechart--basic","name":"Basic","title":"DataDisplay/Charts/PieChart","importPath":"./src/data-display/charts/PyeChart.stories.tsx","componentPath":"@mui/x-charts/PieChart","tags":["dev","test","autodocs"]},"datadisplay-charts-piechart--with-highlighted-slice":{"type":"story","id":"datadisplay-charts-piechart--with-highlighted-slice","name":"With Highlighted Slice","title":"DataDisplay/Charts/PieChart","importPath":"./src/data-display/charts/PyeChart.stories.tsx","componentPath":"@mui/x-charts/PieChart","tags":["dev","test","autodocs"]},"datadisplay-charts-piechart--donut-chart":{"type":"story","id":"datadisplay-charts-piechart--donut-chart","name":"Donut Chart","title":"DataDisplay/Charts/PieChart","importPath":"./src/data-display/charts/PyeChart.stories.tsx","componentPath":"@mui/x-charts/PieChart","tags":["dev","test","autodocs"]},"datadisplay-charts-piechart--with-custom-colors":{"type":"story","id":"datadisplay-charts-piechart--with-custom-colors","name":"With Custom Colors","title":"DataDisplay/Charts/PieChart","importPath":"./src/data-display/charts/PyeChart.stories.tsx","componentPath":"@mui/x-charts/PieChart","tags":["dev","test","autodocs"]},"datadisplay-charts-piechart--custom-labels":{"type":"story","id":"datadisplay-charts-piechart--custom-labels","name":"Custom Labels","title":"DataDisplay/Charts/PieChart","importPath":"./src/data-display/charts/PyeChart.stories.tsx","componentPath":"@mui/x-charts/PieChart","tags":["dev","test","autodocs"]},"datadisplay-datagrids-datagrid--docs":{"id":"datadisplay-datagrids-datagrid--docs","title":"DataDisplay/DataGrids/DataGrid","name":"Docs","importPath":"./src/data-display/data-grids/DataGrid.stories.tsx","type":"docs","tags":["dev","test","autodocs"],"storiesImports":[]},"datadisplay-datagrids-datagrid--basic":{"type":"story","id":"datadisplay-datagrids-datagrid--basic","name":"Basic","title":"DataDisplay/DataGrids/DataGrid","importPath":"./src/data-display/data-grids/DataGrid.stories.tsx","componentPath":"@mui/x-data-grid","tags":["dev","test","autodocs"]},"datadisplay-datagrids-datagridprenium--docs":{"id":"datadisplay-datagrids-datagridprenium--docs","title":"DataDisplay/DataGrids/DataGridPrenium","name":"Docs","importPath":"./src/data-display/data-grids/DataGridPremium.stories.tsx","type":"docs","tags":["dev","test","autodocs"],"storiesImports":[]},"datadisplay-datagrids-datagridprenium--basic":{"type":"story","id":"datadisplay-datagrids-datagridprenium--basic","name":"Basic","title":"DataDisplay/DataGrids/DataGridPrenium","importPath":"./src/data-display/data-grids/DataGridPremium.stories.tsx","componentPath":"@mui/x-data-grid-premium","tags":["dev","test","autodocs"]},"datadisplay-datagrids-datagridpro--docs":{"id":"datadisplay-datagrids-datagridpro--docs","title":"DataDisplay/DataGrids/DataGridPro","name":"Docs","importPath":"./src/data-display/data-grids/DataGridPro.stories.tsx","type":"docs","tags":["dev","test","autodocs"],"storiesImports":[]},"datadisplay-datagrids-datagridpro--basic":{"type":"story","id":"datadisplay-datagrids-datagridpro--basic","name":"Basic","title":"DataDisplay/DataGrids/DataGridPro","importPath":"./src/data-display/data-grids/DataGridPro.stories.tsx","componentPath":"@mui/x-data-grid-pro","tags":["dev","test","autodocs"]},"feedback-alert--docs":{"id":"feedback-alert--docs","title":"Feedback/Alert","name":"Docs","importPath":"./src/feedback/Alert.stories.tsx","type":"docs","tags":["dev","test","autodocs"],"storiesImports":[]},"feedback-alert--success":{"type":"story","id":"feedback-alert--success","name":"Success","title":"Feedback/Alert","importPath":"./src/feedback/Alert.stories.tsx","componentPath":"@mui/material","tags":["dev","test","autodocs"]},"feedback-alert--info":{"type":"story","id":"feedback-alert--info","name":"Info","title":"Feedback/Alert","importPath":"./src/feedback/Alert.stories.tsx","componentPath":"@mui/material","tags":["dev","test","autodocs"]},"feedback-alert--warning":{"type":"story","id":"feedback-alert--warning","name":"Warning","title":"Feedback/Alert","importPath":"./src/feedback/Alert.stories.tsx","componentPath":"@mui/material","tags":["dev","test","autodocs"]},"feedback-alert--error":{"type":"story","id":"feedback-alert--error","name":"Error","title":"Feedback/Alert","importPath":"./src/feedback/Alert.stories.tsx","componentPath":"@mui/material","tags":["dev","test","autodocs"]},"feedback-alert--filled":{"type":"story","id":"feedback-alert--filled","name":"Filled","title":"Feedback/Alert","importPath":"./src/feedback/Alert.stories.tsx","componentPath":"@mui/material","tags":["dev","test","autodocs"]},"feedback-alert--outlined":{"type":"story","id":"feedback-alert--outlined","name":"Outlined","title":"Feedback/Alert","importPath":"./src/feedback/Alert.stories.tsx","componentPath":"@mui/material","tags":["dev","test","autodocs"]},"feedback-alert--basic":{"type":"story","id":"feedback-alert--basic","name":"Basic","title":"Feedback/Alert","importPath":"./src/feedback/Alert.stories.tsx","componentPath":"@mui/material","tags":["dev","test","autodocs"]},"feedback-alert--with-action":{"type":"story","id":"feedback-alert--with-action","name":"With Action","title":"Feedback/Alert","importPath":"./src/feedback/Alert.stories.tsx","componentPath":"@mui/material","tags":["dev","test","autodocs"]},"feedback-alert--with-close":{"type":"story","id":"feedback-alert--with-close","name":"With Close","title":"Feedback/Alert","importPath":"./src/feedback/Alert.stories.tsx","componentPath":"@mui/material","tags":["dev","test","autodocs"]},"feedback-backdrop--docs":{"id":"feedback-backdrop--docs","title":"Feedback/Backdrop","name":"Docs","importPath":"./src/feedback/Backdrop.stories.tsx","type":"docs","tags":["dev","test","autodocs"],"storiesImports":[]},"feedback-backdrop--with-progress":{"type":"story","id":"feedback-backdrop--with-progress","name":"With Progress","title":"Feedback/Backdrop","importPath":"./src/feedback/Backdrop.stories.tsx","componentPath":"@mui/material","tags":["dev","test","autodocs"]},"feedback-backdrop--with-custom-content":{"type":"story","id":"feedback-backdrop--with-custom-content","name":"With Custom Content","title":"Feedback/Backdrop","importPath":"./src/feedback/Backdrop.stories.tsx","componentPath":"@mui/material","tags":["dev","test","autodocs"]},"feedback-dialog--docs":{"id":"feedback-dialog--docs","title":"Feedback/Dialog","name":"Docs","importPath":"./src/feedback/Dialog.stories.tsx","type":"docs","tags":["dev","test","autodocs"],"storiesImports":[]},"feedback-dialog--basic":{"type":"story","id":"feedback-dialog--basic","name":"Basic","title":"Feedback/Dialog","importPath":"./src/feedback/Dialog.stories.tsx","componentPath":"@mui/material","tags":["dev","test","autodocs"]},"feedback-dialog--drop-gaps":{"type":"story","id":"feedback-dialog--drop-gaps","name":"Drop Gaps","title":"Feedback/Dialog","importPath":"./src/feedback/Dialog.stories.tsx","componentPath":"@mui/material","tags":["dev","test","autodocs"]},"feedback-dialog--transitioned":{"type":"story","id":"feedback-dialog--transitioned","name":"Transitioned","title":"Feedback/Dialog","importPath":"./src/feedback/Dialog.stories.tsx","componentPath":"@mui/material","tags":["dev","test","autodocs"]},"feedback-progress-circularprogress--docs":{"id":"feedback-progress-circularprogress--docs","title":"Feedback/Progress/CircularProgress","name":"Docs","importPath":"./src/feedback/Progress/CircularProgress.stories.tsx","type":"docs","tags":["dev","test","autodocs"],"storiesImports":[]},"feedback-progress-circularprogress--indeterminate":{"type":"story","id":"feedback-progress-circularprogress--indeterminate","name":"Indeterminate","title":"Feedback/Progress/CircularProgress","importPath":"./src/feedback/Progress/CircularProgress.stories.tsx","componentPath":"@mui/material","tags":["dev","test","autodocs"]},"feedback-progress-circularprogress--determinate":{"type":"story","id":"feedback-progress-circularprogress--determinate","name":"Determinate","title":"Feedback/Progress/CircularProgress","importPath":"./src/feedback/Progress/CircularProgress.stories.tsx","componentPath":"@mui/material","tags":["dev","test","autodocs"]},"feedback-progress-linearprogress--docs":{"id":"feedback-progress-linearprogress--docs","title":"Feedback/Progress/LinearProgress","name":"Docs","importPath":"./src/feedback/Progress/LinearProgress.stories.tsx","type":"docs","tags":["dev","test","autodocs"],"storiesImports":[]},"feedback-progress-linearprogress--indeterminate":{"type":"story","id":"feedback-progress-linearprogress--indeterminate","name":"Indeterminate","title":"Feedback/Progress/LinearProgress","importPath":"./src/feedback/Progress/LinearProgress.stories.tsx","componentPath":"@mui/material","tags":["dev","test","autodocs"]},"feedback-progress-linearprogress--determinate":{"type":"story","id":"feedback-progress-linearprogress--determinate","name":"Determinate","title":"Feedback/Progress/LinearProgress","importPath":"./src/feedback/Progress/LinearProgress.stories.tsx","componentPath":"@mui/material","tags":["dev","test","autodocs"]},"feedback-progress-linearprogress--buffer":{"type":"story","id":"feedback-progress-linearprogress--buffer","name":"Buffer","title":"Feedback/Progress/LinearProgress","importPath":"./src/feedback/Progress/LinearProgress.stories.tsx","componentPath":"@mui/material","tags":["dev","test","autodocs"]},"feedback-snackbar--docs":{"id":"feedback-snackbar--docs","title":"Feedback/Snackbar","name":"Docs","importPath":"./src/feedback/Snackbar.stories.tsx","type":"docs","tags":["dev","test","autodocs"],"storiesImports":[]},"feedback-snackbar--basic":{"type":"story","id":"feedback-snackbar--basic","name":"Basic","title":"Feedback/Snackbar","importPath":"./src/feedback/Snackbar.stories.tsx","componentPath":"@mui/material","tags":["dev","test","autodocs"]},"feedback-snackbar--with-action":{"type":"story","id":"feedback-snackbar--with-action","name":"With Action","title":"Feedback/Snackbar","importPath":"./src/feedback/Snackbar.stories.tsx","componentPath":"@mui/material","tags":["dev","test","autodocs"]},"inputs-autocomplete--docs":{"id":"inputs-autocomplete--docs","title":"Inputs/Autocomplete","name":"Docs","importPath":"./src/inputs/Autocomplete.stories.tsx","type":"docs","tags":["dev","test","autodocs"],"storiesImports":[]},"inputs-autocomplete--combo":{"type":"story","id":"inputs-autocomplete--combo","name":"Combo","title":"Inputs/Autocomplete","importPath":"./src/inputs/Autocomplete.stories.tsx","componentPath":"@mui/material","tags":["dev","test","autodocs"]},"inputs-button--docs":{"id":"inputs-button--docs","title":"Inputs/Button","name":"Docs","importPath":"./src/inputs/Button.stories.tsx","type":"docs","tags":["dev","test","autodocs"],"storiesImports":[]},"inputs-button--text":{"type":"story","id":"inputs-button--text","name":"Text","title":"Inputs/Button","importPath":"./src/inputs/Button.stories.tsx","componentPath":"@mui/material","tags":["dev","test","autodocs"]},"inputs-button--contained":{"type":"story","id":"inputs-button--contained","name":"Contained","title":"Inputs/Button","importPath":"./src/inputs/Button.stories.tsx","componentPath":"@mui/material","tags":["dev","test","autodocs"]},"inputs-button--outlined":{"type":"story","id":"inputs-button--outlined","name":"Outlined","title":"Inputs/Button","importPath":"./src/inputs/Button.stories.tsx","componentPath":"@mui/material","tags":["dev","test","autodocs"]},"inputs-button--diabled":{"type":"story","id":"inputs-button--diabled","name":"Diabled","title":"Inputs/Button","importPath":"./src/inputs/Button.stories.tsx","componentPath":"@mui/material","tags":["dev","test","autodocs"]},"inputs-button--color":{"type":"story","id":"inputs-button--color","name":"Color","title":"Inputs/Button","importPath":"./src/inputs/Button.stories.tsx","componentPath":"@mui/material","tags":["dev","test","autodocs"]},"inputs-button--sizes":{"type":"story","id":"inputs-button--sizes","name":"Sizes","title":"Inputs/Button","importPath":"./src/inputs/Button.stories.tsx","componentPath":"@mui/material","tags":["dev","test","autodocs"]},"inputs-button--start-icon":{"type":"story","id":"inputs-button--start-icon","name":"Start Icon","title":"Inputs/Button","importPath":"./src/inputs/Button.stories.tsx","componentPath":"@mui/material","tags":["dev","test","autodocs"]},"inputs-button--end-icon":{"type":"story","id":"inputs-button--end-icon","name":"End Icon","title":"Inputs/Button","importPath":"./src/inputs/Button.stories.tsx","componentPath":"@mui/material","tags":["dev","test","autodocs"]},"inputs-button--upload-button":{"type":"story","id":"inputs-button--upload-button","name":"Upload Button","title":"Inputs/Button","importPath":"./src/inputs/Button.stories.tsx","componentPath":"@mui/material","tags":["dev","test","autodocs"]},"inputs-button--send-button":{"type":"story","id":"inputs-button--send-button","name":"Send Button","title":"Inputs/Button","importPath":"./src/inputs/Button.stories.tsx","componentPath":"@mui/material","tags":["dev","test","autodocs"]},"inputs-button--generic-icon-button":{"type":"story","id":"inputs-button--generic-icon-button","name":"Generic Icon Button","title":"Inputs/Button","importPath":"./src/inputs/Button.stories.tsx","componentPath":"@mui/material","tags":["dev","test","autodocs"]},"inputs-buttongroup--docs":{"id":"inputs-buttongroup--docs","title":"Inputs/ButtonGroup","name":"Docs","importPath":"./src/inputs/ButtonGroup.stories.tsx","type":"docs","tags":["dev","test","autodocs"],"storiesImports":[]},"inputs-buttongroup--basic":{"type":"story","id":"inputs-buttongroup--basic","name":"Basic","title":"Inputs/ButtonGroup","importPath":"./src/inputs/ButtonGroup.stories.tsx","componentPath":"@mui/material","tags":["dev","test","autodocs"]},"inputs-floatingactionbutton--docs":{"id":"inputs-floatingactionbutton--docs","title":"Inputs/FloatingActionButton","name":"Docs","importPath":"./src/inputs/FAB.stories.tsx","type":"docs","tags":["dev","test","autodocs"],"storiesImports":[]},"inputs-floatingactionbutton--basic":{"type":"story","id":"inputs-floatingactionbutton--basic","name":"Basic","title":"Inputs/FloatingActionButton","importPath":"./src/inputs/FAB.stories.tsx","componentPath":"@mui/material","tags":["dev","test","autodocs"]},"inputs-iconbutton--docs":{"id":"inputs-iconbutton--docs","title":"Inputs/IconButton","name":"Docs","importPath":"./src/inputs/IconButton.stories.tsx","type":"docs","tags":["dev","test","autodocs"],"storiesImports":[]},"inputs-iconbutton--default":{"type":"story","id":"inputs-iconbutton--default","name":"Default","title":"Inputs/IconButton","importPath":"./src/inputs/IconButton.stories.tsx","componentPath":"@mui/material","tags":["dev","test","autodocs"]},"inputs-input--docs":{"id":"inputs-input--docs","title":"Inputs/Input","name":"Docs","importPath":"./src/inputs/Input.stories.tsx","type":"docs","tags":["dev","test","autodocs"],"storiesImports":[]},"inputs-input--basic":{"type":"story","id":"inputs-input--basic","name":"Basic","title":"Inputs/Input","importPath":"./src/inputs/Input.stories.tsx","componentPath":"@mui/material","tags":["dev","test","autodocs"]},"inputs-rating--docs":{"id":"inputs-rating--docs","title":"Inputs/Rating","name":"Docs","importPath":"./src/inputs/Raiting.stories.tsx","type":"docs","tags":["dev","test","autodocs"],"storiesImports":[]},"inputs-rating--basic":{"type":"story","id":"inputs-rating--basic","name":"Basic","title":"Inputs/Rating","importPath":"./src/inputs/Raiting.stories.tsx","componentPath":"@mui/material","tags":["dev","test","autodocs"]},"inputs-rating--read-only":{"type":"story","id":"inputs-rating--read-only","name":"Read Only","title":"Inputs/Rating","importPath":"./src/inputs/Raiting.stories.tsx","componentPath":"@mui/material","tags":["dev","test","autodocs"]},"inputs-rating--disabled":{"type":"story","id":"inputs-rating--disabled","name":"Disabled","title":"Inputs/Rating","importPath":"./src/inputs/Raiting.stories.tsx","componentPath":"@mui/material","tags":["dev","test","autodocs"]},"inputs-rating--custom-precision":{"type":"story","id":"inputs-rating--custom-precision","name":"Custom Precision","title":"Inputs/Rating","importPath":"./src/inputs/Raiting.stories.tsx","componentPath":"@mui/material","tags":["dev","test","autodocs"]},"inputs-rating--controlled":{"type":"story","id":"inputs-rating--controlled","name":"Controlled","title":"Inputs/Rating","importPath":"./src/inputs/Raiting.stories.tsx","componentPath":"@mui/material","tags":["dev","test","autodocs"]},"inputs-rating--hover-feedback":{"type":"story","id":"inputs-rating--hover-feedback","name":"Hover Feedback","title":"Inputs/Rating","importPath":"./src/inputs/Raiting.stories.tsx","componentPath":"@mui/material","tags":["dev","test","autodocs"]},"inputs-rating--custom-icon":{"type":"story","id":"inputs-rating--custom-icon","name":"Custom Icon","title":"Inputs/Rating","importPath":"./src/inputs/Raiting.stories.tsx","componentPath":"@mui/material","tags":["dev","test","autodocs"]},"inputs-select--docs":{"id":"inputs-select--docs","title":"Inputs/Select","name":"Docs","importPath":"./src/inputs/Select.stories.tsx","type":"docs","tags":["dev","test","autodocs"],"storiesImports":[]},"inputs-select--basic":{"type":"story","id":"inputs-select--basic","name":"Basic","title":"Inputs/Select","importPath":"./src/inputs/Select.stories.tsx","componentPath":"@mui/material","tags":["dev","test","autodocs"]},"inputs-slider--docs":{"id":"inputs-slider--docs","title":"Inputs/Slider","name":"Docs","importPath":"./src/inputs/Slider.stories.tsx","type":"docs","tags":["dev","test","autodocs"],"storiesImports":[]},"inputs-slider--continuous":{"type":"story","id":"inputs-slider--continuous","name":"Continuous","title":"Inputs/Slider","importPath":"./src/inputs/Slider.stories.tsx","componentPath":"@mui/material","tags":["dev","test","autodocs"]},"inputs-slider--discrete":{"type":"story","id":"inputs-slider--discrete","name":"Discrete","title":"Inputs/Slider","importPath":"./src/inputs/Slider.stories.tsx","componentPath":"@mui/material","tags":["dev","test","autodocs"]},"inputs-slider--restricted":{"type":"story","id":"inputs-slider--restricted","name":"Restricted","title":"Inputs/Slider","importPath":"./src/inputs/Slider.stories.tsx","componentPath":"@mui/material","tags":["dev","test","autodocs"]},"inputs-slider--range":{"type":"story","id":"inputs-slider--range","name":"Range","title":"Inputs/Slider","importPath":"./src/inputs/Slider.stories.tsx","componentPath":"@mui/material","tags":["dev","test","autodocs"]},"inputs-switch--docs":{"id":"inputs-switch--docs","title":"Inputs/Switch","name":"Docs","importPath":"./src/inputs/Switch.stories.tsx","type":"docs","tags":["dev","test","autodocs"],"storiesImports":[]},"inputs-switch--basic":{"type":"story","id":"inputs-switch--basic","name":"Basic","title":"Inputs/Switch","importPath":"./src/inputs/Switch.stories.tsx","componentPath":"@mui/material","tags":["dev","test","autodocs"]},"inputs-switch--labeled":{"type":"story","id":"inputs-switch--labeled","name":"Labeled","title":"Inputs/Switch","importPath":"./src/inputs/Switch.stories.tsx","componentPath":"@mui/material","tags":["dev","test","autodocs"]},"inputs-switch--controlled":{"type":"story","id":"inputs-switch--controlled","name":"Controlled","title":"Inputs/Switch","importPath":"./src/inputs/Switch.stories.tsx","componentPath":"@mui/material","tags":["dev","test","autodocs"]},"inputs-textfield--docs":{"id":"inputs-textfield--docs","title":"Inputs/TextField","name":"Docs","importPath":"./src/inputs/TextField.stories.tsx","type":"docs","tags":["dev","test","autodocs"],"storiesImports":[]},"inputs-textfield--basic":{"type":"story","id":"inputs-textfield--basic","name":"Basic","title":"Inputs/TextField","importPath":"./src/inputs/TextField.stories.tsx","componentPath":"@mui/material","tags":["dev","test","autodocs"]},"inputs-togglebutton--docs":{"id":"inputs-togglebutton--docs","title":"Inputs/ToggleButton","name":"Docs","importPath":"./src/inputs/ToggleButton.stories.tsx","type":"docs","tags":["dev","test","autodocs"],"storiesImports":[]},"inputs-togglebutton--exclusive":{"type":"story","id":"inputs-togglebutton--exclusive","name":"Exclusive","title":"Inputs/ToggleButton","importPath":"./src/inputs/ToggleButton.stories.tsx","componentPath":"@mui/material","tags":["dev","test","autodocs"]},"inputs-togglebutton--multiple":{"type":"story","id":"inputs-togglebutton--multiple","name":"Multiple","title":"Inputs/ToggleButton","importPath":"./src/inputs/ToggleButton.stories.tsx","componentPath":"@mui/material","tags":["dev","test","autodocs"]},"inputs-tooltip--docs":{"id":"inputs-tooltip--docs","title":"Inputs/Tooltip","name":"Docs","importPath":"./src/inputs/Tooltip.stories.tsx","type":"docs","tags":["dev","test","autodocs"],"storiesImports":[]},"inputs-tooltip--basic":{"type":"story","id":"inputs-tooltip--basic","name":"Basic","title":"Inputs/Tooltip","importPath":"./src/inputs/Tooltip.stories.tsx","componentPath":"@mui/material","tags":["dev","test","autodocs"]},"inputs-checkbox--docs":{"id":"inputs-checkbox--docs","title":"Inputs/Checkbox","name":"Docs","importPath":"./src/inputs/checkbox/Checkbox.stories.tsx","type":"docs","tags":["dev","test","autodocs"],"storiesImports":[]},"inputs-checkbox--basic":{"type":"story","id":"inputs-checkbox--basic","name":"Basic","title":"Inputs/Checkbox","importPath":"./src/inputs/checkbox/Checkbox.stories.tsx","componentPath":"@mui/material","tags":["dev","test","autodocs"]},"inputs-checkbox--custom-icon":{"type":"story","id":"inputs-checkbox--custom-icon","name":"Custom Icon","title":"Inputs/Checkbox","importPath":"./src/inputs/checkbox/Checkbox.stories.tsx","componentPath":"@mui/material","tags":["dev","test","autodocs"]},"inputs-checkbox--label":{"type":"story","id":"inputs-checkbox--label","name":"Label","title":"Inputs/Checkbox","importPath":"./src/inputs/checkbox/Checkbox.stories.tsx","componentPath":"@mui/material","tags":["dev","test","autodocs"]},"inputs-checkbox--controlled":{"type":"story","id":"inputs-checkbox--controlled","name":"Controlled","title":"Inputs/Checkbox","importPath":"./src/inputs/checkbox/Checkbox.stories.tsx","componentPath":"@mui/material","tags":["dev","test","autodocs"]},"inputs-datepickers-daterangepicker--docs":{"id":"inputs-datepickers-daterangepicker--docs","title":"Inputs/DatePickers/DateRangePicker","name":"Docs","importPath":"./src/inputs/date-range/DateRangePicker.stories.tsx","type":"docs","tags":["dev","test","autodocs"],"storiesImports":[]},"inputs-datepickers-daterangepicker--pure":{"type":"story","id":"inputs-datepickers-daterangepicker--pure","name":"Pure","title":"Inputs/DatePickers/DateRangePicker","importPath":"./src/inputs/date-range/DateRangePicker.stories.tsx","componentPath":"@mui/x-date-pickers-pro/DateRangePicker","tags":["dev","test","autodocs"]},"inputs-datepickers-daterangepicker--with-localization-provider":{"type":"story","id":"inputs-datepickers-daterangepicker--with-localization-provider","name":"With Localization Provider","title":"Inputs/DatePickers/DateRangePicker","importPath":"./src/inputs/date-range/DateRangePicker.stories.tsx","componentPath":"@mui/x-date-pickers-pro/DateRangePicker","tags":["dev","test","autodocs"]},"inputs-radio-formcontrol--docs":{"id":"inputs-radio-formcontrol--docs","title":"Inputs/Radio/FormControl","name":"Docs","importPath":"./src/inputs/radio/FormControl.stories.tsx","type":"docs","tags":["dev","test","autodocs"],"storiesImports":[]},"inputs-radio-formcontrol--label":{"type":"story","id":"inputs-radio-formcontrol--label","name":"Label","title":"Inputs/Radio/FormControl","importPath":"./src/inputs/radio/FormControl.stories.tsx","componentPath":"@mui/material","tags":["dev","test","autodocs"]},"inputs-radio-radiobutton--docs":{"id":"inputs-radio-radiobutton--docs","title":"Inputs/Radio/RadioButton","name":"Docs","importPath":"./src/inputs/radio/RadioButton.stories.tsx","type":"docs","tags":["dev","test","autodocs"],"storiesImports":[]},"inputs-radio-radiobutton--single":{"type":"story","id":"inputs-radio-radiobutton--single","name":"Single","title":"Inputs/Radio/RadioButton","importPath":"./src/inputs/radio/RadioButton.stories.tsx","componentPath":"@mui/material","tags":["dev","test","autodocs"]},"inputs-radiogroup--docs":{"id":"inputs-radiogroup--docs","title":"Inputs/RadioGroup","name":"Docs","importPath":"./src/inputs/radio/RadioButtonsGroup.stories.tsx","type":"docs","tags":["dev","test","autodocs"],"storiesImports":[]},"inputs-radiogroup--basic":{"type":"story","id":"inputs-radiogroup--basic","name":"Basic","title":"Inputs/RadioGroup","importPath":"./src/inputs/radio/RadioButtonsGroup.stories.tsx","componentPath":"@mui/material","tags":["dev","test","autodocs"]},"inputs-radiogroup--controlled":{"type":"story","id":"inputs-radiogroup--controlled","name":"Controlled","title":"Inputs/RadioGroup","importPath":"./src/inputs/radio/RadioButtonsGroup.stories.tsx","componentPath":"@mui/material","tags":["dev","test","autodocs"]},"inputs-radiogroup--with-custom-icons":{"type":"story","id":"inputs-radiogroup--with-custom-icons","name":"With Custom Icons","title":"Inputs/RadioGroup","importPath":"./src/inputs/radio/RadioButtonsGroup.stories.tsx","componentPath":"@mui/material","tags":["dev","test","autodocs"]},"inputs-radiogroup--with-validation":{"type":"story","id":"inputs-radiogroup--with-validation","name":"With Validation","title":"Inputs/RadioGroup","importPath":"./src/inputs/radio/RadioButtonsGroup.stories.tsx","componentPath":"@mui/material","tags":["dev","test","autodocs"]},"layout-box--docs":{"id":"layout-box--docs","title":"Layout/Box","name":"Docs","importPath":"./src/layout/Box.stories.tsx","type":"docs","tags":["dev","test","autodocs","wrapper","morph"],"storiesImports":[]},"layout-box--default":{"type":"story","id":"layout-box--default","name":"Default","title":"Layout/Box","importPath":"./src/layout/Box.stories.tsx","componentPath":"@mui/material","tags":["dev","test","autodocs","wrapper","morph"]},"layout-box--with-theme-property":{"type":"story","id":"layout-box--with-theme-property","name":"With Theme Property","title":"Layout/Box","importPath":"./src/layout/Box.stories.tsx","componentPath":"@mui/material","tags":["dev","test","autodocs","wrapper","morph"]},"layout-box--absolute":{"type":"story","id":"layout-box--absolute","name":"Absolute","title":"Layout/Box","importPath":"./src/layout/Box.stories.tsx","componentPath":"@mui/material","tags":["dev","test","autodocs","wrapper","morph"]},"layout-box--absolute-centered":{"type":"story","id":"layout-box--absolute-centered","name":"Absolute Centered","title":"Layout/Box","importPath":"./src/layout/Box.stories.tsx","componentPath":"@mui/material","tags":["dev","test","autodocs","wrapper","morph"]},"layout-container--docs":{"id":"layout-container--docs","title":"Layout/Container","name":"Docs","importPath":"./src/layout/Container.stories.tsx","type":"docs","tags":["dev","test","autodocs","wrapper"],"storiesImports":[]},"layout-container--fluid":{"type":"story","id":"layout-container--fluid","name":"Fluid","title":"Layout/Container","importPath":"./src/layout/Container.stories.tsx","componentPath":"@mui/material","tags":["dev","test","autodocs","wrapper"]},"layout-container--fixed":{"type":"story","id":"layout-container--fixed","name":"Fixed","title":"Layout/Container","importPath":"./src/layout/Container.stories.tsx","componentPath":"@mui/material","tags":["dev","test","autodocs","wrapper"]},"layout-grid--docs":{"id":"layout-grid--docs","title":"Layout/Grid","name":"Docs","importPath":"./src/layout/Grid.stories.tsx","type":"docs","tags":["dev","test","autodocs"],"storiesImports":["./src/layout/GridContaier.stories.tsx","./src/layout/GridItem.stories.tsx"]},"layout-grid--full-static":{"type":"story","id":"layout-grid--full-static","name":"Full Static","title":"Layout/Grid","importPath":"./src/layout/Grid.stories.tsx","componentPath":"@mui/material","tags":["dev","test","autodocs"]},"layout-grid--full-loop":{"type":"story","id":"layout-grid--full-loop","name":"Full Loop","title":"Layout/Grid","importPath":"./src/layout/Grid.stories.tsx","componentPath":"@mui/material","tags":["dev","test","autodocs"]},"layout-grid--contaier":{"type":"story","id":"layout-grid--contaier","name":"Contaier","title":"Layout/Grid","importPath":"./src/layout/GridContaier.stories.tsx","componentPath":"@mui/material","tags":["dev","test","autodocs","wrapper"]},"layout-grid--item":{"type":"story","id":"layout-grid--item","name":"Item","title":"Layout/Grid","importPath":"./src/layout/GridItem.stories.tsx","componentPath":"@mui/material","tags":["dev","test","autodocs","wrapper"]},"layout-stack--docs":{"id":"layout-stack--docs","title":"Layout/Stack","name":"Docs","importPath":"./src/layout/Stack.stories.tsx","type":"docs","tags":["dev","test","autodocs","wrapper"],"storiesImports":[]},"layout-stack--horizontal":{"type":"story","id":"layout-stack--horizontal","name":"Horizontal","title":"Layout/Stack","importPath":"./src/layout/Stack.stories.tsx","componentPath":"@mui/material","tags":["dev","test","autodocs","wrapper"]},"layout-stack--vertical":{"type":"story","id":"layout-stack--vertical","name":"Vertical","title":"Layout/Stack","importPath":"./src/layout/Stack.stories.tsx","componentPath":"@mui/material","tags":["dev","test","autodocs","wrapper"]},"layout-stack--horizontal-divided":{"type":"story","id":"layout-stack--horizontal-divided","name":"Horizontal Divided","title":"Layout/Stack","importPath":"./src/layout/Stack.stories.tsx","componentPath":"@mui/material","tags":["dev","test","autodocs","wrapper"]},"layout-stack--vertical-divided":{"type":"story","id":"layout-stack--vertical-divided","name":"Vertical Divided","title":"Layout/Stack","importPath":"./src/layout/Stack.stories.tsx","componentPath":"@mui/material","tags":["dev","test","autodocs","wrapper"]},"layout-stack--wrap":{"type":"story","id":"layout-stack--wrap","name":"Wrap","title":"Layout/Stack","importPath":"./src/layout/Stack.stories.tsx","componentPath":"@mui/material","tags":["dev","test","autodocs","wrapper"]},"layout-stack--wrap-fill-width":{"type":"story","id":"layout-stack--wrap-fill-width","name":"Wrap Fill Width","title":"Layout/Stack","importPath":"./src/layout/Stack.stories.tsx","componentPath":"@mui/material","tags":["dev","test","autodocs","wrapper"]},"layout-stack--truncated":{"type":"story","id":"layout-stack--truncated","name":"Truncated","title":"Layout/Stack","importPath":"./src/layout/Stack.stories.tsx","componentPath":"@mui/material","tags":["dev","test","autodocs","wrapper"]},"layout-templates-adminlayout--docs":{"id":"layout-templates-adminlayout--docs","title":"Layout/Templates/AdminLayout","name":"Docs","importPath":"./src/layout/receipts/AdminLayout.stories.tsx","type":"docs","tags":["dev","test","autodocs"],"storiesImports":[]},"layout-templates-adminlayout--default":{"type":"story","id":"layout-templates-adminlayout--default","name":"Default","title":"Layout/Templates/AdminLayout","importPath":"./src/layout/receipts/AdminLayout.stories.tsx","tags":["dev","test","autodocs"]},"layout-templates-containerlayout--docs":{"id":"layout-templates-containerlayout--docs","title":"Layout/Templates/ContainerLayout","name":"Docs","importPath":"./src/layout/receipts/ContainerLayout.stories.tsx","type":"docs","tags":["dev","test","autodocs"],"storiesImports":[]},"layout-templates-containerlayout--default":{"type":"story","id":"layout-templates-containerlayout--default","name":"Default","title":"Layout/Templates/ContainerLayout","importPath":"./src/layout/receipts/ContainerLayout.stories.tsx","tags":["dev","test","autodocs"]},"navigation-stepper--docs":{"id":"navigation-stepper--docs","title":"Navigation/Stepper","name":"Docs","importPath":"./src/navigation/Stepper.stories.tsx","type":"docs","tags":["dev","test","autodocs"],"storiesImports":[]},"navigation-stepper--linear-stepper":{"type":"story","id":"navigation-stepper--linear-stepper","name":"Linear Stepper","title":"Navigation/Stepper","importPath":"./src/navigation/Stepper.stories.tsx","componentPath":"@mui/material","tags":["dev","test","autodocs"]},"navigation-stepper--non-linear-stepper":{"type":"story","id":"navigation-stepper--non-linear-stepper","name":"Non Linear Stepper","title":"Navigation/Stepper","importPath":"./src/navigation/Stepper.stories.tsx","componentPath":"@mui/material","tags":["dev","test","autodocs"]},"store-templates--minimal-client-and-admin-dashboard":{"type":"story","id":"store-templates--minimal-client-and-admin-dashboard","name":"Minimal Client And Admin Dashboard","title":"Store/Templates","importPath":"./src/store/Preview.stories.tsx","tags":["dev","test"]},"store-templates--modernize-next-js-free-admin-template":{"type":"story","id":"store-templates--modernize-next-js-free-admin-template","name":"Modernize Next Js Free Admin Template","title":"Store/Templates","importPath":"./src/store/Preview.stories.tsx","tags":["dev","test"]},"store-templates--saas-able-free-multipurpose-ui-kit-and-dashboard-template":{"type":"story","id":"store-templates--saas-able-free-multipurpose-ui-kit-and-dashboard-template","name":"Saas Able Free Multipurpose Ui Kit And Dashboard Template","title":"Store/Templates","importPath":"./src/store/Preview.stories.tsx","tags":["dev","test"]},"store-templates--the-front-multipurpose-template-and-ui-kit-devias-kit-pro-client-and-admin-dashboard":{"type":"story","id":"store-templates--the-front-multipurpose-template-and-ui-kit-devias-kit-pro-client-and-admin-dashboard","name":"The Front Multipurpose Template And UI Kit Devias Kit Pro Client And Admin Dashboard","title":"Store/Templates","importPath":"./src/store/Preview.stories.tsx","tags":["dev","test"]},"store-templates--mira-pro-react-material-ui-admin-dashboard":{"type":"story","id":"store-templates--mira-pro-react-material-ui-admin-dashboard","name":"Mira Pro React Material UI Admin Dashboard","title":"Store/Templates","importPath":"./src/store/Preview.stories.tsx","tags":["dev","test"]},"store-templates--paperbase":{"type":"story","id":"store-templates--paperbase","name":"Paperbase","title":"Store/Templates","importPath":"./src/store/Preview.stories.tsx","tags":["dev","test"]},"store-templates--devias-kit-pro-client-and-admin-dashboard":{"type":"story","id":"store-templates--devias-kit-pro-client-and-admin-dashboard","name":"Devias Kit Pro Client And Admin Dashboard","title":"Store/Templates","importPath":"./src/store/Preview.stories.tsx","tags":["dev","test"]},"store-templates--mantis-react-material-ui-dashboard-template":{"type":"story","id":"store-templates--mantis-react-material-ui-dashboard-template","name":"Mantis React Material UI Dashboard Template","title":"Store/Templates","importPath":"./src/store/Preview.stories.tsx","tags":["dev","test"]},"store-templates--berry-react-material-ui-dashboard-template":{"type":"story","id":"store-templates--berry-react-material-ui-dashboard-template","name":"Berry React Material UI Dashboard Template","title":"Store/Templates","importPath":"./src/store/Preview.stories.tsx","tags":["dev","test"]},"store-templates--zone-multipurpose-landing-page-ui-kit":{"type":"story","id":"store-templates--zone-multipurpose-landing-page-ui-kit","name":"Zone Multipurpose Landing Page UI Kit","title":"Store/Templates","importPath":"./src/store/Preview.stories.tsx","tags":["dev","test"]},"store-templates--bazaar-pro-multipurpose-next-js-ecommerce-template":{"type":"story","id":"store-templates--bazaar-pro-multipurpose-next-js-ecommerce-template","name":"Bazaar Pro Multipurpose Next Js Ecommerce Template","title":"Store/Templates","importPath":"./src/store/Preview.stories.tsx","tags":["dev","test"]},"store-templates--uifort-react-client-and-admin-dashboard-template":{"type":"story","id":"store-templates--uifort-react-client-and-admin-dashboard-template","name":"Uifort React Client And Admin Dashboard Template","title":"Store/Templates","importPath":"./src/store/Preview.stories.tsx","tags":["dev","test"]},"store-templates--ui-foundations-kit-saa-s-dashboard-template-devias-kit-pro-client-and-admin-dashboard":{"type":"story","id":"store-templates--ui-foundations-kit-saa-s-dashboard-template-devias-kit-pro-client-and-admin-dashboard","name":"UI Foundations Kit Saa S Dashboard Template Devias Kit Pro Client And Admin Dashboard","title":"Store/Templates","importPath":"./src/store/Preview.stories.tsx","tags":["dev","test"]},"store-templates--aurora-admin-dashboard-and-web-app-template":{"type":"story","id":"store-templates--aurora-admin-dashboard-and-web-app-template","name":"Aurora Admin Dashboard And Web App Template","title":"Store/Templates","importPath":"./src/store/Preview.stories.tsx","tags":["dev","test"]},"store-templates--webbee-multipurpose-landing-page-ui-kit":{"type":"story","id":"store-templates--webbee-multipurpose-landing-page-ui-kit","name":"Webbee Multipurpose Landing Page Ui Kit","title":"Store/Templates","importPath":"./src/store/Preview.stories.tsx","tags":["dev","test"]},"store-templates--uko-client-and-admin-dashboard-next-js-and-vite":{"type":"story","id":"store-templates--uko-client-and-admin-dashboard-next-js-and-vite","name":"UKO Client And Admin Dashboard Next Js And Vite","title":"Store/Templates","importPath":"./src/store/Preview.stories.tsx","tags":["dev","test"]},"store-templates--saas-able-multipurpose-ui-kit-and-dashboard-template":{"type":"story","id":"store-templates--saas-able-multipurpose-ui-kit-and-dashboard-template","name":"Saas Able Multipurpose Ui Kit And Dashboard Template","title":"Store/Templates","importPath":"./src/store/Preview.stories.tsx","tags":["dev","test"]},"store-templates--lotru-joy-ui-dashboard":{"type":"story","id":"store-templates--lotru-joy-ui-dashboard","name":"Lotru Joy Ui Dashboard","title":"Store/Templates","importPath":"./src/store/Preview.stories.tsx","tags":["dev","test"]},"store-templates--materio-next-js-admin-template":{"type":"story","id":"store-templates--materio-next-js-admin-template","name":"Materio Next Js Admin Template","title":"Store/Templates","importPath":"./src/store/Preview.stories.tsx","tags":["dev","test"]},"store-templates--modernize-react-and-next-js-admin-dashboard":{"type":"story","id":"store-templates--modernize-react-and-next-js-admin-dashboard","name":"Modernize React And Next Js Admin Dashboard","title":"Store/Templates","importPath":"./src/store/Preview.stories.tsx","tags":["dev","test"]},"store-templates--soft-ui-pro-react-admin-dashboard-template":{"type":"story","id":"store-templates--soft-ui-pro-react-admin-dashboard-template","name":"Soft Ui Pro React Admin Dashboard Template","title":"Store/Templates","importPath":"./src/store/Preview.stories.tsx","tags":["dev","test"]},"store-templates--otis-admin-pro-material-dashboard-for-react":{"type":"story","id":"store-templates--otis-admin-pro-material-dashboard-for-react","name":"Otis Admin Pro Material Dashboard For React","title":"Store/Templates","importPath":"./src/store/Preview.stories.tsx","tags":["dev","test"]},"store-templates--otis-kit-pro-material-kit-for-react":{"type":"story","id":"store-templates--otis-kit-pro-material-kit-for-react","name":"Otis Kit Pro Material Kit For React","title":"Store/Templates","importPath":"./src/store/Preview.stories.tsx","tags":["dev","test"]},"store-templates--devias-kit-client-and-admin-dashboard":{"type":"story","id":"store-templates--devias-kit-client-and-admin-dashboard","name":"Devias Kit Client And Admin Dashboard","title":"Store/Templates","importPath":"./src/store/Preview.stories.tsx","tags":["dev","test"]},"store-templates--mantis-free-react-admin-dashboard-template":{"type":"story","id":"store-templates--mantis-free-react-admin-dashboard-template","name":"Mantis Free React Admin Dashboard Template","title":"Store/Templates","importPath":"./src/store/Preview.stories.tsx","tags":["dev","test"]},"store-templates--berry-free-react-material-admin-dashboard":{"type":"story","id":"store-templates--berry-free-react-material-admin-dashboard","name":"Berry Free React Material Admin Dashboard","title":"Store/Templates","importPath":"./src/store/Preview.stories.tsx","tags":["dev","test"]},"store-templates--onepirate":{"type":"story","id":"store-templates--onepirate","name":"Onepirate","title":"Store/Templates","importPath":"./src/store/Preview.stories.tsx","tags":["dev","test"]},"surfaces-paper--docs":{"id":"surfaces-paper--docs","title":"Surfaces/Paper","name":"Docs","importPath":"./src/surfaces/Paper.stories.tsx","type":"docs","tags":["dev","test","autodocs","wrapper"],"storiesImports":[]},"surfaces-paper--elevation":{"type":"story","id":"surfaces-paper--elevation","name":"Elevation","title":"Surfaces/Paper","importPath":"./src/surfaces/Paper.stories.tsx","componentPath":"@mui/material","tags":["dev","test","autodocs","wrapper"]},"surfaces-paper--outlined":{"type":"story","id":"surfaces-paper--outlined","name":"Outlined","title":"Surfaces/Paper","importPath":"./src/surfaces/Paper.stories.tsx","componentPath":"@mui/material","tags":["dev","test","autodocs","wrapper"]},"theming-localtheme--docs":{"id":"theming-localtheme--docs","title":"Theming/LocalTheme","name":"Docs","importPath":"./src/theming/themes/LocalTheme.stories.tsx","type":"docs","tags":["dev","test","autodocs","wrapper"],"storiesImports":[]},"theming-localtheme--custom-theme":{"type":"story","id":"theming-localtheme--custom-theme","name":"Custom Theme","title":"Theming/LocalTheme","importPath":"./src/theming/themes/LocalTheme.stories.tsx","tags":["dev","test","autodocs","wrapper"]},"theming-localtheme--house-theme":{"type":"story","id":"theming-localtheme--house-theme","name":"House Theme","title":"Theming/LocalTheme","importPath":"./src/theming/themes/LocalTheme.stories.tsx","tags":["dev","test","autodocs","wrapper"]},"utils-popover--docs":{"id":"utils-popover--docs","title":"Utils/Popover","name":"Docs","importPath":"./src/utils/Popover.stories.tsx","type":"docs","tags":["dev","test","autodocs"],"storiesImports":[]},"utils-popover--basic":{"type":"story","id":"utils-popover--basic","name":"Basic","title":"Utils/Popover","importPath":"./src/utils/Popover.stories.tsx","componentPath":"@mui/material","tags":["dev","test","autodocs"]},"utils-router--use-navigate":{"type":"story","id":"utils-router--use-navigate","name":"useNavigate","title":"Utils/Router","importPath":"./src/utils/Router/Router.stories.tsx","tags":["test","autodocs"]},"utils-router--params":{"type":"story","id":"utils-router--params","name":"useParams","title":"Utils/Router","importPath":"./src/utils/Router/Router.stories.tsx","tags":["test","autodocs"]},"utils-router--browse-router":{"type":"story","id":"utils-router--browse-router","name":"BrowseRouter","title":"Utils/Router","importPath":"./src/utils/Router/Router.stories.tsx","tags":["test","autodocs"]},"utils-transitions--docs":{"id":"utils-transitions--docs","title":"Utils/Transitions","name":"Docs","importPath":"./src/utils/Transitions.stories.tsx","type":"docs","tags":["dev","test","autodocs","wrapper"],"storiesImports":[]},"utils-transitions--fade-story":{"type":"story","id":"utils-transitions--fade-story","name":"Fade","title":"Utils/Transitions","importPath":"./src/utils/Transitions.stories.tsx","tags":["dev","test","autodocs","wrapper"]},"utils-transitions--grow-story":{"type":"story","id":"utils-transitions--grow-story","name":"Grow","title":"Utils/Transitions","importPath":"./src/utils/Transitions.stories.tsx","tags":["dev","test","autodocs","wrapper"]},"utils-transitions--slide-story":{"type":"story","id":"utils-transitions--slide-story","name":"Slide","title":"Utils/Transitions","importPath":"./src/utils/Transitions.stories.tsx","tags":["dev","test","autodocs","wrapper"]},"utils-transitions--zoom-story":{"type":"story","id":"utils-transitions--zoom-story","name":"Zoom","title":"Utils/Transitions","importPath":"./src/utils/Transitions.stories.tsx","tags":["dev","test","autodocs","wrapper"]}}}